
create table Medicine1 (medicine_id int, name varchar(20), description varchar(200), dosage varchar(50), side_effects varchar(100), interactions varchar(100));
select * from Medicine1;
INSERT INTO Medicine1 (medicine_id, name, description, dosage, side_effects, interactions) VALUES (1, 'Paracetamol', 'Pain reliever and fever reducer', '500mg every 4-6 hours', 'Nausea, vomiting, diarrhea', 'May interact with blood thinners'), (2, 'Ibuprofen', 'Pain reliever and anti-inflammatory', '200mg every 4-6 hours', 'Stomach upset, nausea, vomiting', 'May interact with blood pressure medications'), (3, 'Cetrizine', 'Antihistamine for allergy relief', '10mg once daily', 'Drowsiness, dry mouth, stomach upset', 'May interact with sedatives'), (4, 'Azithromycin', 'Antibiotic for bacterial infections', '500mg once daily for 3-5 days', 'Nausea, vomiting, diarrhea, abdominal pain', 'May interact with heart medications'), (5, 'Metformin', 'Oral antidiabetic for type 2 diabetes', '500mg twice daily', 'Nausea, vomiting, diarrhea, abdominal pain', 'May interact with insulin and other diabetes medications');
select * from Medicine1;

create table Disease (disease_id int, name varchar(20), description varchar(200), symptoms varchar(200));
select * from Disease;
INSERT INTO Disease (disease_id, name, description, symptoms) VALUES (1, 'Fever', 'Elevated body temperature', 'High temperature, sweating, headache, fatigue'), (2, 'Allergy', 'Overreaction of the immune system', 'Itching, sneezing, runny nose, congestion'), (3, 'Common Cold', 'Viral infection of the upper respiratory tract', 'Runny nose, congestion, sneezing, coughing'), (4, 'Bacterial Infection', 'Infection caused by bacteria', 'Fever, chills, sweating, nausea, vomiting'), (5, 'Type 2 Diabetes', 'Metabolic disorder characterized by insulin resistance', 'Increased thirst and hunger, fatigue, blurred vision, slow healing of cuts and wounds');


create table Medicine_Disease (medicine_id int, disease_id int, recommendation varchar(50));
INSERT INTO Medicine_Disease (medicine_id, disease_id, recommendation) VALUES (1, 1, 'Recommended for fever reduction'), (2, 3, 'Recommended for pain relief and reduction of inflammation'), (3, 2, 'Recommended for allergy relief'), (4, 4, 'Recommended for treatment of bacterial infections'), (5, 5, 'Recommended for management of type 2 diabetes');
ALTER TABLE Medicine_Disease
CHANGE recommendation recommendation TEXT;
show databases;

select * from Medicine_Disease;
select * from Disease;

ALTER TABLE Medicine
ADD PRIMARY KEY (medicine_id);
SHOW KEYS FROM Medicine WHERE Key_name = 'PRIMARY';
SHOW KEYS FROM Disease WHERE Key_name = 'PRIMARY';
ALTER TABLE Disease
ADD PRIMARY KEY (disease_id);
SHOW KEYS FROM Disease WHERE Key_name = 'PRIMARY';
ALTER TABLE Medicine_Disease
ADD CONSTRAINT fk_medicine
FOREIGN KEY (medicine_id)
REFERENCES Medicine1 (medicine_id);


CREATE TABLE medications (
  id INT AUTO_INCREMENT,
  disease VARCHAR(255),
  medication TEXT,
  PRIMARY KEY (id)
);

INSERT INTO medications (disease, medication)
VALUES
('Fungal infection', "['Antifungal Cream', 'Fluconazole', 'Terbinafine', 'Clotrimazole', 'Ketoconazole']"),
('Allergy', "['Antihistamines', 'Decongestants', 'Epinephrine', 'Corticosteroids', 'Immunotherapy']"),
('GERD', "['Proton Pump Inhibitors (PPIs)', 'H2 Blockers', 'Antacids', 'Prokinetics', 'Antibiotics']"),
('Chronic cholestasis', "['Ursodeoxycholic acid', 'Cholestyramine', 'Methotrexate', 'Corticosteroids', 'Liver transplant']"),
('Drug Reaction', "['Antihistamines', 'Epinephrine', 'Corticosteroids', 'Antibiotics', 'Antifungal Cream']"),
('Peptic ulcer disease', "['Antibiotics', 'Proton Pump Inhibitors (PPIs)', 'H2 Blockers', 'Antacids', 'Cytoprotective agents']"),
('AIDS', "['Antiretroviral drugs', 'Protease inhibitors', 'Integrase inhibitors', 'Entry inhibitors', 'Fusion inhibitors']"),
('Diabetes', "['Insulin', 'Metformin', 'Sulfonylureas', 'DPP-4 inhibitors', 'GLP-1 receptor agonists']"),
('Gastroenteritis', "['Antibiotics', 'Antiemetic drugs', 'Antidiarrheal drugs', 'IV fluids', 'Probiotics']"),
('Bronchial Asthma', "['Bronchodilators', 'Inhaled corticosteroids', 'Leukotriene modifiers', 'Mast cell stabilizers', 'Anticholinergics']"),
('Hypertension', "['Antihypertensive medications', 'Diuretics', 'Beta-blockers', 'ACE inhibitors', 'Calcium channel blockers']"),
('Migraine', "['Analgesics', 'Triptans', 'Ergotamine derivatives', 'Preventive medications', 'Biofeedback']"),
('Cervical spondylosis', "['Pain relievers', 'Muscle relaxants', 'Physical therapy', 'Neck braces', 'Corticosteroids']"),
('Paralysis (brain hemorrhage)', "['Blood thinners', 'Clot-dissolving medications', 'Anticonvulsants', 'Physical therapy', 'Occupational therapy']"),
('Jaundice', "['IV fluids', 'Blood transfusions', 'Liver transplant', 'Medications for itching', 'Antiviral medications']"),
('Malaria', "['Antimalarial drugs', 'Antipyretics', 'Antiemetic drugs', 'IV fluids', 'Blood transfusions']"),
('Chicken pox', "['Antiviral drugs', 'Pain relievers', 'IV fluids', 'Blood transfusions', 'Platelet transfusions']"),
('Dengue', "['Antibiotics', 'Antipyretics', 'Analgesics', 'IV fluids', 'Corticosteroids']"),
('Typhoid', "['Vaccination', 'Antiviral drugs', 'IV fluids', 'Blood transfusions', 'Liver transplant']"),
('hepatitis A', "['Vaccination', 'Antiviral drugs', 'IV fluids', 'Blood transfusions', 'Liver transplant']"),
('Hepatitis B', "['Antiviral drugs', 'IV fluids', 'Blood transfusions', 'Platelet transfusions', 'Liver transplant']"),
('Hepatitis C', "['Antiviral drugs', 'IV fluids', 'Blood transfusions', 'Platelet transfusions', 'Liver transplant']"),
('Hepatitis D', "['Antiviral drugs', 'IV fluids', 'Blood transfusions', 'Platelet transfusions', 'Liver transplant']"),
('Hepatitis E', "['Alcohol cessation', 'Corticosteroids', 'IV fluids', 'Liver transplant', 'Nutritional support']"),
('Alcoholic hepatitis', "['Antibiotics', 'Isoniazid', 'Rifampin', 'Ethambutol', 'Pyrazinamide']"),
('Tuberculosis', "['Antipyretics', 'Decongestants', 'Cough suppressants', 'Antihistamines', 'Pain relievers']"),
('Common Cold', "['Antibiotics', 'Antiviral drugs', 'Antifungal drugs', 'IV fluids', 'Oxygen therapy']"),
('Pneumonia', "['Antibiotics', 'Antiviral drugs', 'Antifungal drugs', 'IV fluids', 'Oxygen therapy']"),
('Dimorphic hemmorhoids(piles)', "['Laxatives', 'Pain relievers', 'Warm baths', 'Cold compresses', 'High-fiber diet']"),
('Heart attack', "['Nitroglycerin', 'Aspirin', 'Beta-blockers', 'Calcium channel blockers', 'Thrombolytic drugs']"),
('Varicose veins', "['Compression stockings', 'Exercise', 'Elevating the legs', 'Sclerotherapy', 'Laser treatments']"),
('Hypothyroidism', "['Levothyroxine', 'Antithyroid medications', 'Beta-blockers', 'Radioactive iodine', 'Thyroid surgery']"),
('Hyperthyroidism', "['Antithyroid medications', 'Radioactive iodine', 'Thyroid surgery', 'Beta-blockers', 'Corticosteroids']"),
('Hypoglycemia', "['Glucose tablets', 'Candy or juice', 'Glucagon injection', 'IV dextrose', 'Diazoxide']"),
('Osteoarthristis', "['Pain relievers', 'Exercise', 'Hot and cold packs', 'Joint protection', 'Physical therapy']"),
('Arthritis', "['NSAIDs', 'Disease-modifying antirheumatic drugs (DMARDs)', 'Biologics', 'Corticosteroids', 'Joint replacement surgery']"),
('(vertigo) Paroymsal Positional Vertigo', "['Vestibular rehabilitation', 'Canalith repositioning', 'Medications for nausea', 'Surgery', 'Home exercises']"),
('Acne', "['Topical treatments', 'Antibiotics', 'Oral medications', 'Hormonal treatments', 'Isotretinoin']"),
('Urinary tract infection', "['Antibiotics', 'Pain relievers', 'Antihistamines', 'Corticosteroids', 'Topical treatments']"),
('Psoriasis', "['Topical treatments', 'Phototherapy', 'Systemic medications', 'Biologics', 'Coal tar']"),
('Impetigo', "['Topical antibiotics', 'Oral antibiotics', 'Antiseptics', 'Ointments', 'Warm compresses']");

select * from medications;

CREATE TABLE descriptions (
id INT AUTO_INCREMENT,
disease VARCHAR(255),
description TEXT,
PRIMARY KEY (id)
);

INSERT INTO descriptions (disease, description)
VALUES
('Fungal infection', 'Fungal infection is a common skin condition caused by fungi.'),
('Allergy', 'Allergy is an immune system reaction to a substance in the environment.'),
('GERD', 'GERD (Gastroesophageal Reflux Disease) is a digestive disorder that affects the lower esophageal sphincter.'),
('Chronic cholestasis', 'Chronic cholestasis is a condition where bile flow from the liver is reduced for a prolonged period.'),
('Drug Reaction', 'Drug Reaction occurs when the body reacts adversely to a medication.'),
('Peptic ulcer disease', 'Peptic ulcer disease involves sores that develop on the inner lining of the stomach and small intestine.'),
('AIDS', 'AIDS (Acquired Immunodeficiency Syndrome) is a disease caused by HIV that weakens the immune system.'),
('Diabetes', 'Diabetes is a chronic condition that affects how the body processes blood sugar.'),
('Gastroenteritis', 'Gastroenteritis is an inflammation of the stomach and intestines, typically caused by a virus or bacteria.'),
('Bronchial Asthma', 'Bronchial Asthma is a respiratory condition characterized by inflammation of the airways.'),
('Hypertension', 'Hypertension, or high blood pressure, is a common cardiovascular condition.'),
('Migraine', 'Migraine is a type of headache that often involves severe pain and sensitivity to light and sound.'),
('Cervical spondylosis', 'Cervical spondylosis is a degenerative condition of the cervical spine.'),
('Paralysis (brain hemorrhage)', 'Paralysis (brain hemorrhage) refers to the loss of muscle function due to bleeding in the brain.'),
('Jaundice', 'Jaundice is a yellow discoloration of the skin and eyes, often indicating liver problems.'),
('Malaria', 'Malaria is a mosquito-borne infectious disease affecting humans and other animals.'),
('Chicken pox', 'Chicken pox is a highly contagious viral infection causing an itchy rash.'),
('Dengue', 'Dengue is a mosquito-borne viral infection causing flu-like symptoms.'),
('Typhoid', 'Typhoid is a bacterial infection that can lead to a high fever and gastrointestinal symptoms.'),
('hepatitis A', 'hepatitis A is a viral liver disease.'),
('Hepatitis B', 'Hepatitis B is a viral infection that attacks the liver.'),
('Hepatitis C', 'Hepatitis C is a viral infection that causes liver inflammation.'),
('Hepatitis D', 'Hepatitis D is a serious liver disease caused by the hepatitis D virus.'),
('Hepatitis E', 'Hepatitis E is a viral infection that causes liver inflammation.'),
('Alcoholic hepatitis', 'Alcoholic hepatitis is inflammation of the liver due to alcohol consumption.'),
('Tuberculosis', 'Tuberculosis is a bacterial infection that primarily affects the lungs.'),
('Common Cold', 'Common Cold is a viral infection of the upper respiratory tract.'),
('Pneumonia', 'Pneumonia is an inflammatory condition affecting the air sacs in the lungs.'),
('Dimorphic hemmorhoids(piles)', 'Dimorphic hemmorhoids(piles) is a condition characterized by swollen blood vessels in the rectum.'),
('Heart attack', 'Heart attack is a sudden and severe reduction in blood flow to the heart muscle.'),
('Varicose veins', 'Varicose veins are enlarged, twisted veins that usually appear on the legs.'),
('Hypothyroidism', 'Hypothyroidism is a condition where the thyroid gland doesn''t produce enough thyroid hormone.'),
('Hyperthyroidism', 'Hyperthyroidism is a condition where the thyroid gland produces too much thyroid hormone.'),
('Hypoglycemia', 'Hypoglycemia is a condition characterized by abnormally low blood sugar levels.'),
('Osteoarthristis', 'Osteoarthristis is a degenerative joint disease that affects the cartilage in joints.'),
('Arthritis', 'Arthritis is inflammation of one or more joints, causing pain and stiffness.'),
('(vertigo) Paroymsal Positional Vertigo', '(Vertigo) Paroxysmal Positional Vertigo is a type of dizziness caused by specific head movements.'),
('Acne', 'Acne is a skin condition that occurs when hair follicles become clogged with oil and dead skin cells.'),
('Urinary tract infection', 'Urinary tract infection is an infection in any part of the urinary system.'),
('Psoriasis', 'Psoriasis is a chronic skin condition characterized by red, itchy, and scaly patches.'),
('Impetigo', 'Impetigo is a highly contagious skin infection causing red sores that can break open.');

select * from descriptions;


CREATE TABLE diets (
id INT AUTO_INCREMENT,
disease VARCHAR(255),
diet TEXT,
PRIMARY KEY (id)
);

INSERT INTO diets (disease, diet)
VALUES
('Fungal infection', "['Antifungal Diet', 'Probiotics', 'Garlic', 'Coconut oil', 'Turmeric']"),
('Allergy', "['Elimination Diet', 'Omega-3-rich foods', 'Vitamin C-rich foods', 'Quercetin-rich foods', 'Probiotics']"),
('GERD', "['Low-Acid Diet', 'Fiber-rich foods', 'Ginger', 'Licorice', 'Aloe vera juice']"),
('Chronic cholestasis', "['Low-Fat Diet', 'High-Fiber Diet', 'Lean proteins', 'Whole grains', 'Fresh fruits and vegetables']"),
('Drug Reaction', "['Antihistamine Diet', 'Omega-3-rich foods', 'Vitamin C-rich foods', 'Quercetin-rich foods', 'Probiotics']"),
('Peptic ulcer disease', "['Low-Acid Diet', 'Fiber-rich foods', 'Ginger', 'Licorice', 'Aloe vera juice']"),
('AIDS', "['Balanced Diet', 'Protein-rich foods', 'Fruits and vegetables', 'Whole grains', 'Healthy fats']"),
('Diabetes', "['Low-Glycemic Diet', 'Fiber-rich foods', 'Lean proteins', 'Healthy fats', 'Low-fat dairy']"),
('Gastroenteritis', "['Bland Diet', 'Bananas', 'Rice', 'Applesauce', 'Toast']"),
('Bronchial Asthma', "['Anti-Inflammatory Diet', 'Omega-3-rich foods', 'Fruits and vegetables', 'Whole grains', 'Lean proteins']"),
('Hypertension', "['DASH Diet', 'Low-sodium foods', 'Fruits and vegetables', 'Whole grains', 'Lean proteins']"),
('Migraine', "['Migraine Diet', 'Low-Tyramine Diet', 'Caffeine withdrawal', 'Hydration', 'Magnesium-rich foods']"),
('Cervical spondylosis', "['Arthritis Diet', 'Anti-Inflammatory Diet', 'Omega-3-rich foods', 'Fruits and vegetables', 'Whole grains']"),
('Paralysis (brain hemorrhage)', "['Heart-Healthy Diet', 'Low-sodium foods', 'Fruits and vegetables', 'Whole grains', 'Lean proteins']"),
('Jaundice', "['Liver-Healthy Diet', 'Low-fat Diet', 'Fruits and vegetables', 'Whole grains', 'Lean proteins']"),
('Malaria', "['Malaria Diet', 'Hydration', 'High-Calorie Diet', 'Soft and bland foods', 'Oral rehydration solutions']"),
('Chicken pox', "['Chicken Pox Diet', 'High-Calorie Diet', 'Soft and bland foods', 'Hydration', 'Protein-rich foods']"),
('Dengue', "['Dengue Diet', 'Hydration', 'High-Calorie Diet', 'Soft and bland foods', 'Protein-rich foods']"),
('Typhoid', "['Typhoid Diet', 'High-Calorie Diet', 'Soft and bland foods', 'Hydration', 'Protein-rich foods']"),
('hepatitis A', "['Hepatitis A Diet', 'High-Calorie Diet', 'Soft and bland foods', 'Hydration', 'Protein-rich foods']"),
('Hepatitis B', "['Hepatitis B Diet', 'High-Calorie Diet', 'Soft and bland foods', 'Hydration', 'Protein-rich foods']"),
('Hepatitis C', "['Hepatitis C Diet', 'High-Calorie Diet', 'Soft and bland foods', 'Hydration', 'Protein-rich foods']"),
('Hepatitis D', "['Hepatitis D Diet', 'High-Calorie Diet', 'Soft and bland foods', 'Hydration', 'Protein-rich foods']"),
('Hepatitis E', "['Hepatitis E Diet', 'High-Calorie Diet', 'Soft and bland foods', 'Hydration', 'Protein-rich foods']"),
('Alcoholic hepatitis', "['Liver-Healthy Diet', 'Low-fat Diet', 'Fruits and vegetables', 'Whole grains', 'Lean proteins']"),
('Tuberculosis', "['TB Diet', 'High-Calorie Diet', 'Soft and bland foods', 'Hydration', 'Protein-rich foods']"),
('Common Cold', "['Cold Diet', 'Hydration', 'Warm fluids', 'Rest', 'Honey and lemon tea']"),
('Pneumonia', "['Pneumonia Diet', 'High-Calorie Diet', 'Soft and bland foods', 'Hydration', 'Protein-rich foods']"),
('Dimorphic hemmorhoids(piles)', "['Hemorrhoids Diet', 'High-Fiber Diet', 'Hydration', 'Warm baths', 'Stool softeners']"),
('Heart attack', "['Heart-Healthy Diet', 'Low-sodium foods', 'Fruits and vegetables', 'Whole grains', 'Lean proteins']"),
('Varicose veins', "['Varicose Veins Diet', 'High-Fiber Diet', 'Fruits and vegetables', 'Whole grains', 'Low-sodium foods']"),
('Hypothyroidism', "['Hypothyroidism Diet', 'Iodine-rich foods', 'Selenium-rich foods', 'Fruits and vegetables', 'Whole grains']"),
('Hyperthyroidism', "['Hyperthyroidism Diet', 'Low-Iodine Diet', 'Calcium-rich foods', 'Selenium-rich foods', 'Fruits and vegetables']"),
('Hypoglycemia', "['Hypoglycemia Diet', 'Complex carbohydrates', 'Protein-rich snacks', 'Fiber-rich foods', 'Healthy fats']"),
('Osteoarthristis', "['Arthritis Diet', 'Anti-Inflammatory Diet', 'Omega-3-rich foods', 'Fruits and vegetables', 'Whole grains']"),
('Arthritis', "['Arthritis Diet', 'Anti-Inflammatory Diet', 'Omega-3-rich foods', 'Fruits and vegetables', 'Whole grains']"),
('(vertigo) Paroymsal Positional Vertigo', "['Vertigo Diet', 'Low-Salt Diet', 'Hydration', 'Ginger tea', 'Vitamin D-rich foods']"),
('Acne', "['Acne Diet', 'Low-Glycemic Diet', 'Hydration', 'Fruits and vegetables', 'Probiotics']"),
('Urinary tract infection', "['UTI Diet', 'Hydration', 'Cranberry juice', 'Probiotics', 'Vitamin C-rich foods']"),
('Psoriasis', "['Psoriasis Diet', 'Anti-Inflammatory Diet', 'Omega-3-rich foods', 'Fruits and vegetables', 'Whole grains']"),
('Impetigo', "['Impetigo Diet', 'Antibiotic treatment', 'Fruits and vegetables', 'Hydration', 'Protein-rich foods']");

select * from diets;

CREATE TABLE precautions (
id INT AUTO_INCREMENT,
disease VARCHAR(255),
precaution_1 TEXT,
precaution_2 TEXT,
precaution_3 TEXT,
precaution_4 TEXT,
PRIMARY KEY (id)
);

INSERT INTO precautions (disease, precaution_1, precaution_2, precaution_3, precaution_4)
VALUES

('Drug Reaction', 'stop irritation', 'consult nearest hospital', 'stop taking drug', 'follow up'),
('Malaria', 'Consult nearest hospital', 'avoid oily food', 'avoid non veg food', 'keep mosquitos out'),
('Allergy', 'apply calamine', 'cover area with bandage', NULL, 'use ice to compress itching'),
('Hypothyroidism', 'reduce stress', 'exercise', 'eat healthy', 'get proper sleep'),
('Psoriasis', 'wash hands with warm soapy water', 'stop bleeding using pressure', 'consult doctor', 'salt baths'),
('GERD', 'avoid fatty spicy food', 'avoid lying down after eating', 'maintain healthy weight', 'exercise'),
('Chronic cholestasis', 'cold baths', 'anti itch medicine', 'consult doctor', 'eat healthy'),
('hepatitis A', 'Consult nearest hospital', 'wash hands through', 'avoid fatty spicy food', 'medication'),
('Osteoarthristis', 'acetaminophen', 'consult nearest hospital', 'follow up', 'salt baths'),
('(vertigo) Paroymsal Positional Vertigo', 'lie down', 'avoid sudden change in body', 'avoid abrupt head movment', 'relax'),
('Hypoglycemia', 'lie down on side', 'check in pulse', 'drink sugary drinks', 'consult doctor'),
('Acne', 'bath twice', 'avoid fatty spicy food', 'drink plenty of water', 'avoid too many products'),
('Diabetes', 'have balanced diet', 'exercise', 'consult doctor', 'follow up'),
('Impetigo', 'soak affected area in warm water', 'use antibiotics', 'remove scabs with wet compressed cloth', 'consult doctor'),
('Hypertension', 'meditation', 'salt baths', 'reduce stress', 'get proper sleep'),
('Peptic ulcer diseae', 'avoid fatty spicy food', 'consume probiotic food', 'eliminate milk', 'limit alcohol'),
('Dimorphic hemmorhoids(piles)', 'avoid fatty spicy food', 'consume witch hazel', 'warm bath with epsom salt', 'consume alovera juice'),
('Common Cold', 'drink vitamin c rich drinks', 'take vapour', 'avoid cold food', 'keep fever in check'),
('Chicken pox', 'use neem in bathing', 'consume neem leaves', 'take vaccine', 'avoid public places'),
('Cervical spondylosis', 'use heating pad or cold pack', 'exercise', 'take otc pain reliver', 'consult doctor'),
('Hyperthyroidism', 'eat healthy', 'massage', 'use lemon balm', 'take radioactive iodine treatment'),
('Urinary tract infection', 'drink plenty of water', 'increase vitamin c intake', 'drink cranberry juice', 'take probiotics'),
('Varicose veins', 'lie down flat and raise the leg high', 'use oinments', 'use vein compression', 'dont stand still for long'),
('AIDS', 'avoid open cuts', 'wear ppe if possible', 'consult doctor', 'follow up'),
('Paralysis (brain hemorrhage)', 'massage', 'eat healthy', 'exercise', 'consult doctor'),
('Typhoid', 'eat high calorie vegitables', 'antiboitic therapy', 'consult doctor', 'medication'),
('Hepatitis B', 'consult nearest hospital', 'vaccination', 'eat healthy', 'medication'),
('Fungal infection', 'bath twice', 'use detol or neem in bathing water', 'keep infected area dry', 'use clean cloths'),
('Hepatitis C', 'Consult nearest hospital', 'vaccination', 'eat healthy', 'medication'),
('Migraine', 'meditation', 'reduce stress', 'use poloroid glasses in sun', 'consult doctor'),
('Bronchial Asthma', 'switch to loose cloothing', 'take deep breaths', 'get away from trigger', 'seek help'),
('Alcoholic hepatitis', 'stop alcohol consumption', 'consult doctor', 'medication', 'follow up'),
('Jaundice', 'drink plenty of water', 'consume milk thistle', 'eat fruits and high fiberous food', 'medication'),
('Hepatitis E', 'stop alcohol consumption', 'rest', 'consult doctor', 'medication'),
('Dengue', 'drink papaya leaf juice', 'avoid fatty spicy food', 'keep mosquitos away', 'keep hydrated'),
('Hepatitis D', 'consult doctor', 'medication', 'eat healthy', 'follow up'),
('Heart attack', 'call ambulance', 'chew or swallow asprin', 'keep calm', NULL),
('Pneumonia', 'consult doctor', 'medication', 'rest', 'follow up'),
('Arthritis', 'exercise', 'use hot and cold therapy', 'try acupuncture', 'massage'),
('Gastroenteritis', 'stop eating solid food for while', 'try taking small sips of water', 'rest', 'ease back into eating'),
('Tuberculosis', 'cover mouth', 'consult doctor', 'medication', 'rest');


select * from precautions;

CREATE TABLE symptom_severity (
symptom VARCHAR(255),
weight INT
);

INSERT INTO symptom_severity (symptom, weight)
VALUES

('itching', 1),
('skin_rash', 3),
('nodal_skin_eruptions', 4),
('continuous_sneezing', 4),
('shivering', 5),
('chills', 3),
('joint_pain', 3),
('stomach_pain', 5),
('acidity', 3),
('ulcers_on_tongue', 4),
('muscle_wasting', 3),
('vomiting', 5),
('burning_micturition', 6),
('spotting_urination', 6),
('fatigue', 4),
('weight_gain', 3),
('anxiety', 4),
('cold_hands_and_feets', 5),
('mood_swings', 3),
('weight_loss', 3),
('restlessness', 5),
('lethargy', 2),
('patches_in_throat', 6),
('irregular_sugar_level', 5),
('cough', 4),
('high_fever', 7),
('sunken_eyes', 3),
('breathlessness', 4),
('sweating', 3),
('dehydration', 4),
('indigestion', 5),
('headache', 3),
('yellowish_skin', 3),
('dark_urine', 4),
('nausea', 5),
('loss_of_appetite', 4),
('pain_behind_the_eyes', 4),
('back_pain', 3),
('constipation', 4),
('abdominal_pain', 4),
('diarrhoea', 6),
('mild_fever', 5),
('yellow_urine', 4),
('yellowing_of_eyes', 4),
('acute_liver_failure', 6),
('fluid_overload', 6),
('swelling_of_stomach', 7),
('swelled_lymph_nodes', 6),
('malaise', 6),
('blurred_and_distorted_vision', 5),
('phlegm', 5),
('throat_irritation', 4),
('redness_of_eyes', 5),
('sinus_pressure', 4),
('runny_nose', 5),
('congestion', 5),
('chest_pain', 7),
('weakness_in_limbs', 7),
('fast_heart_rate', 5),
('pain_during_bowel_movements', 5),
('pain_in_anal_region', 6),
('bloody_stool', 5),
('irritation_in_anus', 6),
('neck_pain', 5),
('dizziness', 4),
('cramps', 4),
('bruising', 4),
('obesity', 4),
('swollen_legs', 5),
('swollen_blood_vessels', 5),
('puffy_face_and_eyes', 5),
('enlarged_thyroid', 6),
('brittle_nails', 5),
('swollen_extremeties', 5),
('excessive_hunger', 4),
('extra_marital_contacts', 5),
('drying_and_tingling_lips', 4),
('slurred_speech', 4),
('knee_pain', 3),
('hip_joint_pain', 2),
('muscle_weakness', 2),
('stiff_neck', 4),
('swelling_joints', 5),
('movement_stiffness', 5),
('spinning_movements', 6),
('loss_of_balance', 4),
('unsteadiness', 4),
('weakness_of_one_body_side', 4),
('loss_of_smell', 3),
('bladder_discomfort', 4),
('foul_smell_ofurine', 5),
('continuous_feel_of_urine', 6),
('passage_of_gases', 5),
('internal_itching', 4),
('toxic_look_(typhos)', 5),
('depression', 3),
('irritability', 2),
('muscle_pain', 2),
('altered_sensorium', 2),
('red_spots_over_body', 3),
('belly_pain', 4),
('abnormal_menstruation', 6),
('dischromic_patches', 6),
('watering_from_eyes', 4),
('increased_appetite', 5),
('polyuria', 4),
('family_history', 5),
('mucoid_sputum', 4),
('rusty_sputum', 4),
('lack_of_concentration', 3),
('visual_disturbances', 3),
('receiving_blood_transfusion', 5),
('receiving_unsterile_injections', 2),
('coma', 7),
('stomach_bleeding', 6),
('distention_of_abdomen', 4),
('history_of_alcohol_consumption', 5),
('fluid_overload', 4),
('blood_in_sputum', 5),
('prominent_veins_on_calf', 6),
('palpitations', 4),
('painful_walking', 2),
('pus_filled_pimples', 2),
('blackheads', 2),
('scurring', 2),
('skin_peeling', 3),
('silver_like_dusting', 2),
('small_dents_in_nails', 2),
('inflammatory_nails', 2),
('blister', 4),
('red_sore_around_nose', 2),
('yellow_crust_ooze', 3),
('prognosis', 5);

select * from symptom_severity;

CREATE TABLE workout_recommendations (
    id INT AUTO_INCREMENT,
    disease VARCHAR(255) NOT NULL,
    workout TEXT NOT NULL,
    PRIMARY KEY (id),
    UNIQUE (disease, workout(255))
);

SET sql_notes = 0;
INSERT IGNORE INTO workout_recommendations (disease, workout)
VALUES 
('Fungal infection', 'Avoid sugary foods'),
('Fungal infection', 'Consume probiotics'),
('Fungal infection', 'Increase intake of garlic'),
('Fungal infection', 'Include yogurt in diet'),
('Fungal infection', 'Limit processed foods'),
('Fungal infection', 'Stay hydrated'),
('Fungal infection', 'Consume green tea'),
('Fungal infection', 'Eat foods rich in zinc'),
('Fungal infection', 'Include turmeric in diet'),
('Fungal infection', 'Eat fruits and vegetables'),
('Allergy', 'Avoid allergenic foods'),
('Allergy', 'Consume anti-inflammatory foods'),
('Allergy', 'Include omega-3 fatty acids'),
('Allergy', 'Stay hydrated'),
('Allergy', 'Eat foods rich in vitamin C'),
('Allergy', 'Include quercetin-rich foods'),
('Allergy', 'Consume local honey'),
('Allergy', 'Limit processed foods'),
('Allergy', 'Include ginger in diet'),
('Allergy', 'Avoid artificial additives'),
('GERD', 'Consume smaller meals'),
('GERD', 'Avoid trigger foods (spicy, fatty)'),
('GERD', 'Eat high-fiber foods'),
('GERD', 'Limit caffeine and alcohol'),
('GERD', 'Chew food thoroughly'),
('GERD', 'Avoid late-night eating'),
('GERD', 'Consume non-citrus fruits'),
('GERD', 'Include lean proteins'),
('GERD', 'Stay hydrated'),
('GERD', 'Avoid carbonated beverages'),
('Chronic cholestasis', 'Consume a low-fat diet'),
('Chronic cholestasis', 'Eat high-fiber foods'),
('Chronic cholestasis', 'Include healthy fats'),
('Chronic cholestasis', 'Limit alcohol consumption'),
('Chronic cholestasis', 'Stay hydrated'),
('Chronic cholestasis', 'Consume antioxidant-rich foods'),
('Chronic cholestasis', 'Include omega-3 fatty acids'),
('Chronic cholestasis', 'Include lean proteins'),
('Chronic cholestasis', 'Limit processed foods'),
('Chronic cholestasis', 'Avoid fried foods'),
('Drug Reaction', 'Discontinue offending medication'),
('Drug Reaction', 'Stay hydrated'),
('Drug Reaction', 'Include anti-inflammatory foods'),
('Drug Reaction', 'Consume antioxidants'),
('Drug Reaction', 'Avoid trigger foods'),
('Drug Reaction', 'Include omega-3 fatty acids'),
('Drug Reaction', 'Limit caffeine and alcohol'),
('Drug Reaction', 'Stay hydrated'),
('Drug Reaction', 'Eat a balanced diet'),
('Drug Reaction', 'Consult a healthcare professional'),
('Peptic ulcer disease', 'Consume smaller, more frequent meals'),
('Peptic ulcer disease', 'Avoid trigger foods (spicy, acidic)'),
('Peptic ulcer disease', 'Eat high-fiber foods'),
('Peptic ulcer disease', 'Limit caffeine and alcohol'),
('Peptic ulcer disease', 'Stay hydrated'),
('Peptic ulcer disease', 'Consume probiotics'),
('Peptic ulcer disease', 'Include lean proteins'),
('Peptic ulcer disease', 'Consume antioxidant-rich foods'),
('Peptic ulcer disease', 'Limit processed foods'),
('Peptic ulcer disease', 'Avoid smoking and alcohol'),
('AIDS', 'Follow a balanced and nutritious diet'),
('AIDS', 'Include lean proteins'),
('AIDS', 'Consume nutrient-rich foods'),
('AIDS', 'Stay hydrated'),
('AIDS', 'Include healthy fats'),
('AIDS', 'Avoid raw or undercooked foods'),
('AIDS', 'Limit sugary foods and beverages'),
('AIDS', 'Consume immune-boosting foods'),
('AIDS', 'Take prescribed supplements'),
('AIDS', 'Consult a healthcare professional'),
('Diabetes', 'Monitor carbohydrate intake'),
('Diabetes', 'Eat balanced meals'),
('Diabetes', 'Include lean proteins'),
('Diabetes', 'Consume high-fiber foods'),
('Diabetes', 'Stay hydrated'),
('Diabetes', 'Limit sugary foods and beverages'),
('Diabetes', 'Include healthy fats'),
('Diabetes', 'Monitor blood sugar levels'),
('Diabetes', 'Consult a registered dietitian'),
('Diabetes', 'Take prescribed medications as directed'),
('Gastroenteritis', 'Stay hydrated'),
('Gastroenteritis', 'Consume clear fluids'),
('Gastroenteritis', 'Follow the BRAT diet (bananas, rice, applesauce, toast)'),
('Gastroenteritis', 'Include bland foods'),
('Gastroenteritis', 'Avoid fatty and greasy foods'),
('Gastroenteritis', 'Limit caffeine and alcohol'),
('Gastroenteritis', 'Avoid spicy foods'),
('Gastroenteritis', 'Consult a healthcare professional'),
('Gastroenteritis', 'Gradually resume normal diet'),
('Gastroenteritis', 'Avoid dairy products'),
('Bronchial Asthma', 'Include anti-inflammatory foods'),
('Bronchial Asthma', 'Consume omega-3 fatty acids'),
('Bronchial Asthma', 'Limit sodium intake'),
('Bronchial Asthma', 'Stay hydrated'),
('Bronchial Asthma', 'Include antioxidant-rich foods'),
('Bronchial Asthma', 'Avoid sulfite-containing foods'),
('Bronchial Asthma', 'Limit processed foods'),
('Bronchial Asthma', 'Consume magnesium-rich foods'),
('Bronchial Asthma', 'Consult a healthcare professional'),
('Hypertension', 'Follow the DASH diet (Dietary Approaches to Stop Hypertension)'),
('Hypertension', 'Limit sodium intake'),
('Hypertension', 'Include potassium-rich foods'),
('Hypertension', 'Stay hydrated'),
('Hypertension', 'Consume calcium-rich foods'),
('Hypertension', 'Limit alcohol consumption'),
('Hypertension', 'Include magnesium-rich foods'),
('Hypertension', 'Consume omega-3 fatty acids'),
('Hypertension', 'Limit processed foods'),
('Hypertension', 'Consult a healthcare professional'),
('Migraine', 'Identify and avoid trigger foods'),
('Migraine', 'Stay hydrated'),
('Migraine', 'Include magnesium-rich foods'),
('Migraine', 'Consume omega-3 fatty acids'),
('Migraine', 'Limit caffeine and alcohol'),
('Migraine', 'Consume riboflavin-rich foods'),
('Migraine', 'Limit processed foods'),
('Migraine', 'Maintain regular meal times'),
('Migraine', 'Consult a healthcare professional'),
('Migraine', 'Manage stress'),
('Cervical spondylosis', 'Include anti-inflammatory foods'),
('Cervical spondylosis', 'Consume omega-3 fatty acids'),
('Cervical spondylosis', 'Include vitamin D-rich foods'),
('Cervical spondylosis', 'Stay hydrated'),
('Cervical spondylosis', 'Consume antioxidant-rich foods'),
('Cervical spondylosis', 'Limit processed foods'),
('Cervical spondylosis', 'Include lean proteins'),
('Cervical spondylosis', 'Practice good posture'),
('Cervical spondylosis', 'Consult a healthcare professional'),
('Cervical spondylosis', 'Engage in regular exercise'),
('Paralysis (brain hemorrhage)', 'Follow a balanced and nutritious diet'),
('Paralysis (brain hemorrhage)', 'Include lean proteins'),
('Paralysis (brain hemorrhage)', 'Consume nutrient-rich foods'),
('Paralysis (brain hemorrhage)', 'Stay hydrated'),
('Paralysis (brain hemorrhage)', 'Include healthy fats'),
('Paralysis (brain hemorrhage)', 'Limit sugary foods and beverages'),
('Paralysis (brain hemorrhage)', 'Include antioxidants'),
('Paralysis (brain hemorrhage)', 'Consume foods rich in vitamin K'),
('Paralysis (brain hemorrhage)', 'Consult a healthcare professional'),
('Paralysis (brain hemorrhage)', 'Manage stress'),
('Jaundice', 'Stay hydrated'),
('Jaundice', 'Consume nutrient-rich foods'),
('Jaundice', 'Include protein-rich foods'),
('Jaundice', 'Consume easily digestible foods'),
('Jaundice', 'Limit fatty foods'),
('Jaundice', 'Avoid alcohol and caffeine'),
('Jaundice', 'Include vitamin C-rich foods'),
('Jaundice', 'Consult a healthcare professional'),
('Jaundice', 'Rest and conserve energy'),
('Jaundice', 'Gradually resume normal diet'),
('Malaria', 'Stay hydrated'),
('Malaria', 'Consume nutrient-rich foods'),
('Malaria', 'Include protein-rich foods'),
('Malaria', 'Consume foods rich in antioxidants'),
('Malaria', 'Limit fatty and greasy foods'),
('Malaria', 'Avoid alcohol and caffeine'),
('Malaria', 'Include vitamin C-rich foods'),
('Malaria', 'Consult a healthcare professional'),
('Malaria', 'Rest and conserve energy'),
('Malaria', 'Gradually resume normal diet'),
('Chicken pox', 'Stay hydrated'),
('Chicken pox', 'Include easily digestible foods'),
('Chicken pox', 'Consume nutrient-rich foods'),
('Chicken pox', 'Avoid scratching the skin'),
('Chicken pox', 'Apply cool compresses'),
('Chicken pox', 'Take antihistamines for itching'),
('Chicken pox', 'Consult a healthcare professional'),
('Chicken pox', 'Rest and conserve energy'),
('Chicken pox', 'Gradually resume normal diet'),
('Typhoid', 'Stay hydrated'),
('Typhoid', 'Consume nutrient-rich foods'),
('Typhoid', 'Include protein-rich foods'),
('Typhoid', 'Consume foods rich in antioxidants'),
('Typhoid', 'Limit fatty and greasy foods'),
('Typhoid', 'Avoid alcohol and caffeine'),
('Typhoid', 'Include vitamin C-rich foods'),
('Typhoid', 'Consult a healthcare professional'),
('Typhoid', 'Rest and conserve energy'),
('Typhoid', 'Gradually resume normal diet'),
('Urinary tract infection', 'Stay hydrated'),
('Urinary tract infection', 'Consume cranberry juice'),
('Urinary tract infection', 'Include vitamin C-rich foods'),
('Urinary tract infection', 'Consume antioxidant-rich foods'),
('Urinary tract infection', 'Avoid spicy and acidic foods'),
('Urinary tract infection', 'Consult a healthcare professional'),
('Urinary tract infection', 'Urinate when needed'),
('Urinary tract infection', 'Wipe correctly'),
('Varicose veins', 'Stay hydrated'),
('Varicose veins', 'Consume foods rich in fiber'),
('Varicose veins', 'Include vitamin C-rich foods'),
('Varicose veins', 'Consume antioxidant-rich foods'),
('Varicose veins', 'Avoid standing for long periods'),
('Varicose veins', 'Elevate legs when resting'),
('Varicose veins', 'Consult a healthcare professional'),
('Varicose veins', 'Exercise regularly'),
('Varicose veins', 'Maintain a healthy weight');
SET sql_notes = 1;
SELECT * FROM workout_recommendations;


CREATE TABLE symptoms (
    id INT AUTO_INCREMENT,
    disease VARCHAR(255) NOT NULL,
    symptom1 VARCHAR(255) NOT NULL,
    symptom2 VARCHAR(255),
    symptom3 VARCHAR(255),
    symptom4 VARCHAR(255),
    symptom5 VARCHAR(255),
    PRIMARY KEY (id)
);


INSERT INTO symptoms (disease, symptom1, symptom2, symptom3, symptom4, symptom5)
VALUES
('Fungal infection', 'itching', 'skin_rash', 'nodal_skin_eruptions', 'dischromic _patches', ''),
('Allergy', 'continuous_sneezing', 'shivering', 'chills', 'watering_from_eyes', ''),
('GERD', 'stomach_pain', 'acidity', 'ulcers_on_tongue', 'vomiting', ''),
('Chronic cholestasis', 'itching', 'vomiting', 'yellowish_skin', 'nausea', ''),
('Drug Reaction', 'itching', 'skin_rash', 'stomach_pain', 'burning_micturition', ''),
('Peptic ulcer diseae', 'vomiting', 'indigestion', 'loss_of_appetite', 'abdominal_pain', ''),
('AIDS', 'muscle_wasting', 'patches_in_throat', 'high_fever', 'extra_marital_contacts', ''),
('Diabetes ', 'fatigue', 'weight_loss', 'restlessness', 'lethargy', ''),
('Gastroenteritis', 'vomiting', 'sunken_eyes', 'dehydration', 'diarrhoea', ''),
('Bronchial Asthma', 'fatigue', 'cough', 'high_fever', 'breathlessness', ''),
('Hypertension ', 'headache', 'chest_pain', 'dizziness', 'loss_of_balance', ''),
('Migraine', 'acidity', 'indigestion', 'headache', 'blurred_and_distorted_vision', ''),
('Cervical spondylosis', 'back_pain', 'weakness_in_limbs', 'neck_pain', 'dizziness', ''),
('Paralysis (brain hemorrhage)', 'vomiting', 'headache', 'weakness_of_one_body_side', 'altered_sensorium', ''),
('Jaundice', 'itching', 'vomiting', 'fatigue', 'weight_loss', ''),
('Malaria', 'chills', 'vomiting', 'high_fever', 'sweating', ''),
('Chicken pox', 'itching', 'skin_rash', 'fatigue', 'lethargy', ''),
('Dengue', 'skin_rash', 'chills', 'joint_pain', 'vomiting', ''),
('Typhoid', 'chills', 'vomiting', 'fatigue', 'high_fever', ''),
('hepatitis A', 'joint_pain', 'vomiting', 'yellowish_skin', 'dark_urine', ''),
('Hepatitis B', 'itching', 'fatigue', 'lethargy', 'yellowish_skin', ''),
('Hepatitis C', 'fatigue', 'yellowish_skin', 'nausea', 'loss_of_appetite', ''),
('Hepatitis D', 'joint_pain', 'vomiting', 'fatigue', 'yellowish_skin', ''),
('Hepatitis E', 'joint_pain', 'vomiting', 'fatigue', 'high_fever', ''),
('Alcoholic hepatitis', 'vomiting', 'yellowish_skin', 'abdominal_pain', 'swelling_of_stomach', ''),
('Tuberculosis', 'chills', 'vomiting', 'fatigue', 'weight_loss', ''),
('Common Cold', 'continuous_sneezing', 'chills', 'fatigue', 'cough', ''),
('Pneumonia', 'chills', 'fatigue', 'cough', 'high_fever', ''),
('Dimorphic hemmorhoids(piles)', 'constipation', 'pain_during_bowel_movements', 'pain_in_anal_region', 'bloody_stool', ''),
('Heart attack', 'vomiting', 'breathlessness', 'sweating', 'chest_pain', ''),
('Varicose veins', 'fatigue', 'cramps', 'bruising', 'obesity', ''),
('Hypothyroidism', 'fatigue', 'weight_gain', 'cold_hands_and_feets', 'mood_swings', ''),
('Hyperthyroidism', 'fatigue', 'mood_swings', 'weight_loss', 'restlessness', ''),
('Hypoglycemia', 'vomiting', 'fatigue', 'anxiety', 'sweating', ''),
('Osteoarthristis', 'joint_pain', 'neck_pain', 'knee_pain', 'hip_joint_pain', ''),
('Arthritis', 'muscle_weakness', 'stiff_neck', 'swelling_joints', 'movement_stiffness', ''),
('(vertigo) Paroymsal Positional Vertigo', 'vomiting', 'headache', 'nausea', 'spinning_movements', ''),
('Acne', 'skin_rash', 'pus_filled_pimples', 'blackheads', 'scurring', ''),
('Urinary tract infection', 'burning_micturition', 'bladder_discomfort', 'foul_smell_of urine', 'continuous_feel_of_urine', ''),
('Psoriasis', 'skin_rash', 'joint_pain', 'skin_peeling', 'silver_like_dusting', ''),
('Impetigo', 'skin_rash', 'high_fever', 'blister', 'red_sore_around_nose', '');

select * from symptoms;




